<?xml version="1.0" encoding="UTF-8"?>
<project-private xmlns="http://www.netbeans.org/ns/project-private/1">
    <editor-bookmarks xmlns="http://www.netbeans.org/ns/editor-bookmarks/2" lastBookmarkId="0"/>
    <open-files xmlns="http://www.netbeans.org/ns/projectui-open-files/2">
        <group>
            <file>file:/C:/Users/Manuel/Daten/Stud/Sem%205/MobPro/workspace/Server/src/mobpro/hslu/ch/teamsrmf/BenutzerManager.java</file>
            <file>file:/C:/Users/Manuel/Daten/Stud/Sem%205/MobPro/workspace/Server/src/mobpro/hslu/ch/teamsrmf/EchoReceiverThread.java</file>
            <file>file:/C:/Users/Manuel/Daten/Stud/Sem%205/MobPro/workspace/Server/src/mobpro/hslu/ch/teamsrmf/User.java</file>
            <file>file:/C:/Users/Manuel/Daten/Stud/Sem%205/MobPro/workspace/Server/src/mobpro/hslu/ch/teamsrmf/FileHandler.java</file>
        </group>
    </open-files>
</project-private>
